St James's Park,Mon: 5 AM – 12 AM;Tues: 5 AM – 12 AM;Wednes: 5 AM – 12 AM;Thurs: 5 AM – 12 AM;Fri: 5 AM – 12 AM;Satur: 5 AM – 12 AM,SW1A 2BJ,4.7
The Green Park,Mon: 5 AM – 12 AM;Tues: 5 AM – 12 AM;Wednes: 5 AM – 12 AM;Thurs: 5 AM – 12 AM;Fri: 5 AM – 12 AM;Satur: 5 AM – 12 AM,Green Park SW1A 1AA,4.6
Battersea Park,Mon: 6:30 AM – 10:30 PM;Tues: 6:30 AM – 10:30 PM;Wednes: 6:30 AM – 10:30 PM;Thurs: 6:30 AM – 10:30 PM;Fri: 6:30 AM – 10:30 PM;Satur: 6:30 AM – 10:30 PM,SW11 4NJ,4.7
Kensington Gardens,Mon: 6 AM – 9:45 PM;Tues: 6 AM – 9:45 PM;Wednes: 6 AM – 9:45 PM;Thurs: 6 AM – 9:45 PM;Fri: 6 AM – 9:45 PM;Satur: 6 AM – 9:45 PM,London,4.7
Holland Park,Mon: 7:30 AM – 9:30 PM;Tues: 7:30 AM – 9:30 PM;Wednes: 7:30 AM – 9:30 PM;Thurs: 7:30 AM – 9:30 PM;Fri: 7:30 AM – 9:30 PM;Satur: 7:30 AM – 9:30 PM,Ilchester Pl W8 6LU,4.7
Greenwich Park,not specified,SE10 8QY,4.8
The Regent's Park,Mon: 5 AM – 4:30 PM;Tues: 5 AM – 4:30 PM;Wednes: 5 AM – 4:30 PM;Thurs: 5 AM – 4:30 PM;Fri: 5 AM – 4:30 PM;Satur: 5 AM – 4:30 PM,London,4.7
Dulwich Park,Mon: 7:30 AM – 9 PM;Tues: 7:30 AM – 9 PM;Wednes: 7:30 AM – 9 PM;Thurs: 7:30 AM – 9 PM;Fri: 7:30 AM – 9 PM;Satur: 7:30 AM – 9 PM,College Rd SE21 7EB,4.6
Richmond Park,not specified,Richmond,4.8
Victoria Park,not specified,Grove Rd. E3 5TB,4.7
Brockwell Park,not specified,Brockwell Park Gardens SE24 0NG,4.6
Crystal Palace Park,Mon: 7:30 AM – 7 PM;Tues: 7:30 AM – 7 PM;Wednes: 7:30 AM – 7 PM;Thurs: 7:30 AM – 7 PM;Fri: 7:30 AM – 7 PM;Satur: 7:30 AM – 7 PM,Thicket Rd SE19 2GA,4.5
Waterlow Park,not specified,Highgate Hl N6 5HG,4.7
Southwark Park,not specified,Gomm Rd SE16 2TX,4.5
Regent's Park Office,Mon: 9 AM – 6 PM;Tues: 9 AM – 6 PM;Wednes: 9 AM – 6 PM;Thurs: 9 AM – 6 PM;Fri: 9 AM – 6 PM;Satur: Open 24 hours,The Regent's Park The Park Office the Storeyard Inner Circle NW1 4NR,4.6
Clissold Park,Mon: 7:30 AM – 9:30 PM;Tues: 7:30 AM – 9:30 PM;Wednes: 7:30 AM – 9:30 PM;Thurs: 7:30 AM – 9:30 PM;Fri: 7:30 AM – 9:30 PM;Satur: 7:30 AM – 9:30 PM,Green Lanes N16 9HJ,4.7
Wanstead Park,not specified,2LT E11 2LT,4.7
Primrose Hill,Mon: 6 AM – 10 PM;Tues: 6 AM – 10 PM;Wednes: 6 AM – 10 PM;Thurs: 6 AM – 10 PM;Fri: 6 AM – 10 PM;Satur: 6 AM – 10 PM,Primrose Hill Rd NW1 4NR,4.7
Haggerston Park,not specified,Yorkton St E2 8NH,4.5
The Royal Parks,Mon: 8 AM – 4 PM;Tues: 8 AM – 4 PM;Wednes: 8 AM – 4 PM;Thurs: 8 AM – 4 PM;Fri: 8 AM – 4 PM;Satur: Closed,Hyde Park The Old Police House W Carriage Dr W2 2AR,4.5
